,px,py,vx,vy,a,r
0,74.04082939261683,90.06800679234173,2.4497635570095895,4.080407540503659,0.0,3.0
1,48.0,7.0,2.1544590428982433,-1.3125728792282443,0.0,2.0
