,px,py,vx,vy,a,r
0,82.12504913074885,90.46664832399493,2.4497635570095895,-4.080407540503659,0.0,3.0
1,48.0,7.0,2.1544590428982433,-1.3125728792282443,0.0,2.0
